<edmx:Edmx xmlns:edmx="http://schemas.microsoft.com/ado/2007/06/edmx" Version="1.0">
	<edmx:DataServices xmlns:m="http://schemas.microsoft.com/ado/2007/08/dataservices/metadata" m:DataServiceVersion="2.0">
		<Schema xmlns:d="http://schemas.microsoft.com/ado/2007/08/dataservices"
			xmlns:m="http://schemas.microsoft.com/ado/2007/08/dataservices/metadata" xmlns="http://schemas.microsoft.com/ado/2008/09/edm"
			Namespace="jezz_Portal.webservice.WebService">
			<EntityType Name="UserRegistrationSetType">
				<Key><PropertyRef Name="PartnerID"/></Key><Property Name="PartnerID" Type="Edm.Int32" Nullable="false"/><Property Name="PartnerName" Type="Edm.String" Nullable="false" MaxLength="100"/><Property Name="Password" Type="Edm.String" Nullable="false" MaxLength="20"/><Property Name="eMailSales" Type="Edm.String" Nullable="false" MaxLength="150"/><Property Name="ContactSales" Type="Edm.String" Nullable="false" MaxLength="50"/><Property Name="eMailSupport" Type="Edm.String" Nullable="false" MaxLength="150"/><Property Name="ContactSupport" Type="Edm.String" Nullable="false" MaxLength="50"/><Property Name="Status" Type="Edm.String" Nullable="false" MaxLength="1"/></EntityType>
			<EntityType Name="RegionSetType">
				<Key><PropertyRef Name="RegionID"/></Key><Property Name="RegionID" Type="Edm.Int32" Nullable="false" DefaultValue="1"/><Property Name="RegionName" Type="Edm.String" MaxLength="50"/></EntityType>
			<EntityType Name="B1PatchSetType">
				<Key><PropertyRef Name="B1_PatchID"/></Key><Property Name="B1_PatchID" Type="Edm.Int32" Nullable="false"/><Property Name="B1_Patch_Version" Type="Edm.Decimal" Precision="2" Scale="2"/></EntityType>
			<EntityType Name="B1ReleseSetType">
				<Key><PropertyRef Name="B1_RelID"/></Key><Property Name="B1_RelID" Type="Edm.Int32" Nullable="false"/><Property Name="B1_Rel_Version" Type="Edm.Decimal" Precision="2" Scale="2"/></EntityType>
			<EntityType Name="ESXi_VersionSetType">
				<Key><PropertyRef Name="ESXI_ID"/></Key><Property Name="ESXI_ID" Type="Edm.Int32" Nullable="false"/><Property Name="ESXI_Version" Type="Edm.Decimal" Precision="2" Scale="1"/></EntityType>
			<EntityType Name="HANAPatchSetType">
				<Key><PropertyRef Name="HANA_PatchID"/></Key><Property Name="HANA_PatchID" Type="Edm.Int32" Nullable="false"/><Property Name="HANA_Patch" Type="Edm.Int32"/></EntityType>
			<EntityType Name="HANAReleaseSetType">
				<Key><PropertyRef Name="HANA_RelID"/></Key><Property Name="HANA_RelID" Type="Edm.Int32" Nullable="false"/><Property Name="HANA_REL_Version" Type="Edm.Int32"/></EntityType>
			<EntityType Name="IntallationSideSetType">
				<Key><PropertyRef Name="InstallationID"/></Key><Property Name="InstallationID" Type="Edm.Int32" Nullable="false"/><Property Name="InstallationName" Type="Edm.String" MaxLength="10"/></EntityType>
			<EntityType Name="QtyCPUSetType">
				<Key><PropertyRef Name="QTY_CPUID"/></Key><Property Name="QTY_CPUID" Type="Edm.Int32" Nullable="false"/><Property Name="QTY_CPUName" Type="Edm.Int32"/></EntityType>
			<EntityType Name="QTY_RAMSetType">
				<Key><PropertyRef Name="QTY_RAMID"/></Key><Property Name="QTY_RAMID" Type="Edm.Int32" Nullable="false"/><Property Name="QTY_RAMSIZE" Type="Edm.Int32"/></EntityType>
			<EntityType Name="Server_TypeSetType">
				<Key><PropertyRef Name="Server_TypeID"/></Key><Property Name="Server_TypeID" Type="Edm.Int32" Nullable="false"/><Property Name="Server_Type" Type="Edm.String" MaxLength="50"/></EntityType>
			<EntityType Name="Sles_VersionSetType">
				<Key><PropertyRef Name="SlesID"/></Key><Property Name="SlesID" Type="Edm.Int32" Nullable="false"/><Property Name="Sles_Version" Type="Edm.Decimal" Precision="2" Scale="2"/></EntityType>
			<EntityType Name="Windows_VersionSetType">
				<Key><PropertyRef Name="Win_VerID"/></Key><Property Name="Win_VerID" Type="Edm.Int32" Nullable="false"/><Property Name="Win_VerName" Type="Edm.String" MaxLength="100"/></EntityType>
			<EntityContainer Name="WebService" m:IsDefaultEntityContainer="true"><EntitySet Name="UserRegistrationSet" EntityType="jezz_Portal.webservice.WebService.UserRegistrationSetType"/><EntitySet Name="RegionSet" EntityType="jezz_Portal.webservice.WebService.RegionSetType"/><EntitySet Name="B1PatchSet" EntityType="jezz_Portal.webservice.WebService.B1PatchSetType"/><EntitySet Name="B1ReleseSet" EntityType="jezz_Portal.webservice.WebService.B1ReleseSetType"/><EntitySet Name="ESXi_VersionSet" EntityType="jezz_Portal.webservice.WebService.ESXi_VersionSetType"/><EntitySet Name="HANAPatchSet" EntityType="jezz_Portal.webservice.WebService.HANAPatchSetType"/><EntitySet Name="HANAReleaseSet" EntityType="jezz_Portal.webservice.WebService.HANAReleaseSetType"/><EntitySet Name="IntallationSideSet" EntityType="jezz_Portal.webservice.WebService.IntallationSideSetType"/><EntitySet Name="QtyCPUSet" EntityType="jezz_Portal.webservice.WebService.QtyCPUSetType"/><EntitySet Name="QTY_RAMSet" EntityType="jezz_Portal.webservice.WebService.QTY_RAMSetType"/><EntitySet Name="Server_TypeSet" EntityType="jezz_Portal.webservice.WebService.Server_TypeSetType"/><EntitySet Name="Sles_VersionSet" EntityType="jezz_Portal.webservice.WebService.Sles_VersionSetType"/><EntitySet Name="Windows_VersionSet" EntityType="jezz_Portal.webservice.WebService.Windows_VersionSetType"/></EntityContainer>
		</Schema>
	</edmx:DataServices>
</edmx:Edmx>