<edmx:Edmx xmlns:edmx="http://schemas.microsoft.com/ado/2007/06/edmx" Version="1.0">
	<edmx:DataServices xmlns:m="http://schemas.microsoft.com/ado/2007/08/dataservices/metadata" m:DataServiceVersion="2.0">
		<Schema xmlns:d="http://schemas.microsoft.com/ado/2007/08/dataservices"
			xmlns:m="http://schemas.microsoft.com/ado/2007/08/dataservices/metadata" xmlns="http://schemas.microsoft.com/ado/2008/09/edm"
			Namespace="jezz_Portal.data.webservice.WebService">
			<EntityType Name="UserRegistrationSetType">
				<Key><PropertyRef Name="PartnerID"/></Key><Property Name="PartnerID" Type="Edm.Int32" Nullable="false"/><Property Name="PartnerName" Type="Edm.String" Nullable="false" MaxLength="100"/><Property Name="Password" Type="Edm.String" Nullable="false" MaxLength="20"/><Property Name="eMailSales" Type="Edm.String" Nullable="false" MaxLength="150"/><Property Name="ContactSales" Type="Edm.String" Nullable="false" MaxLength="50"/><Property Name="eMailSupport" Type="Edm.String" Nullable="false" MaxLength="150"/><Property Name="ContactSupport" Type="Edm.String" Nullable="false" MaxLength="50"/></EntityType>
			<EntityContainer Name="WebService" m:IsDefaultEntityContainer="true"><EntitySet Name="UserRegistrationSet" EntityType="jezz_Portal.data.webservice.WebService.UserRegistrationSetType"/></EntityContainer>
		</Schema>
	</edmx:DataServices>
</edmx:Edmx>